Chisq,Df,Pr(>Chisq)
67.78227890688022,1,1.8258313036694617e-16
50.539930271618005,7,1.131511838980253e-8
