1,estimate,SE,df,t.ratio,p.value
barley alone - barley intercropped,-0.005091167684966586,0.0018491869725648703,36.99999999999995,-2.7531924897269877,0.009092581852014524
