Treatment_general,emmean,SE,df,lower.CL,upper.CL,.group
mono,3.2107970028251507,0.14404418829782392,39,2.919440131071077,3.5021538745792244,    d
mono_garlic,3.0359269357645084,0.1521539074300934,32,2.7259995683824094,3.3458543031466075,   cd
mono_predator,2.5750218700926952,0.1789397012296288,32,2.210533626189276,2.9395101139961146,  bc 
mono_predator_garlic,1.9650374911016004,0.23056925049234564,32,1.4953832967971372,2.434691685406064, a   
poli,3.0617410565504755,0.14446512643189796,32,2.7674752235541633,3.3560068895467876,    d
poli_garlic,3.1007782235284154,0.14693141609828603,32,2.801488722876006,3.4000677241808246,    d
poli_predator,2.467167423410622,0.1746739526350107,32,2.1113682250543984,2.8229666217668457, ab  
poli_predator_garlic,2.1877896006672874,0.1936288892877253,32,1.7933804598199754,2.5821987415145995, ab  
