"","Chisq","Df","Pr(>Chisq)"
"Hst_div",1.12137972181853,1,0.289621558035978
"Plant_weight",71.9851767098945,1,2.16819998510524e-17
"Predtr",75.9403089355433,1,2.9237046279002e-18
"Garlic_weight",14.2715339108842,1,0.000158239943381493
"Plant_weight:Predtr",10.5703705164984,1,0.00114914691277296
"Hst_div:Predtr",0.0815750629283397,1,0.775174173832102
"Predtr:Garlic_weight",0.37945934288826,1,0.537892728973976
