"","Chisq","Df","Pr(>Chisq)"
"Hst_div",0.180528036440001,1,0.670919846577044
"Plant_weight",67.8598943493567,1,1.75535517078546e-16
"Predtr",29.5581316225509,1,5.42645168234369e-08
"Garlic",2.68925353466029,1,0.101027132311857
"Plant_weight:Predtr",5.04389045909237,1,0.0247129293404689
"Hst_div:Predtr",0.0111023044100428,1,0.916084224979025
"Predtr:Garlic",1.57498354921854,1,0.209484755033483
