"","Chisq","Df","Pr(>Chisq)"
"Hst_div",0.344000112808061,1,0.557529331202647
"Plant_weight",68.9243134581926,1,1.02315632352626e-16
"Predtr",72.8950083017467,1,1.3673356410516e-17
"Garlic",6.70927560317335,1,0.00959126792544483
"Plant_weight:Predtr",8.04343904849021,1,0.00456687534888157
"Hst_div:Predtr",0.0570316776989689,1,0.81125054267381
"Predtr:Garlic",2.2714617282781,1,0.131775562264901
